-- phpMyAdmin SQL Dump
-- version 5.0.3
-- https://www.phpmyadmin.net/
--
-- Host: 127.0.0.1
-- Generation Time: Jul 20, 2021 at 10:33 AM
-- Server version: 10.4.14-MariaDB
-- PHP Version: 7.4.11

SET SQL_MODE = "NO_AUTO_VALUE_ON_ZERO";
START TRANSACTION;
SET time_zone = "+00:00";


/*!40101 SET @OLD_CHARACTER_SET_CLIENT=@@CHARACTER_SET_CLIENT */;
/*!40101 SET @OLD_CHARACTER_SET_RESULTS=@@CHARACTER_SET_RESULTS */;
/*!40101 SET @OLD_COLLATION_CONNECTION=@@COLLATION_CONNECTION */;
/*!40101 SET NAMES utf8mb4 */;

--
-- Database: `news`
--

-- --------------------------------------------------------

--
-- Table structure for table `bad_words`
--

CREATE TABLE `bad_words` (
  `id` int(255) NOT NULL,
  `created_at` timestamp NOT NULL DEFAULT current_timestamp(),
  `updated_at` timestamp NULL DEFAULT NULL,
  `word` varchar(50) COLLATE utf8_unicode_ci NOT NULL
) ENGINE=InnoDB DEFAULT CHARSET=utf8 COLLATE=utf8_unicode_ci;

--
-- Dumping data for table `bad_words`
--

INSERT INTO `bad_words` (`id`, `created_at`, `updated_at`, `word`) VALUES
(1, '2021-07-06 15:43:17', '2021-07-17 13:06:00', 'mrs'),
(2, '2021-07-06 15:43:17', NULL, 'majmune'),
(3, '2021-07-06 15:43:17', NULL, 'govno'),
(4, '2021-07-06 15:43:17', NULL, 'debil'),
(5, '2021-07-06 15:43:17', NULL, 'retard');

-- --------------------------------------------------------

--
-- Table structure for table `categories`
--

CREATE TABLE `categories` (
  `id` int(255) NOT NULL,
  `created_at` timestamp NOT NULL DEFAULT current_timestamp(),
  `updated_at` timestamp NULL DEFAULT NULL,
  `category_name` varchar(50) COLLATE utf8_unicode_ci NOT NULL
) ENGINE=InnoDB DEFAULT CHARSET=utf8 COLLATE=utf8_unicode_ci;

--
-- Dumping data for table `categories`
--

INSERT INTO `categories` (`id`, `created_at`, `updated_at`, `category_name`) VALUES
(1, '2021-07-06 15:29:14', '2021-07-17 13:07:00', 'Politics'),
(2, '2021-07-06 15:29:14', NULL, 'World'),
(3, '2021-07-06 15:29:14', NULL, 'Business'),
(4, '2021-07-06 15:29:14', NULL, 'Health'),
(5, '2021-07-06 15:29:14', NULL, 'Sports'),
(6, '2021-07-06 15:29:14', NULL, 'Fun');

-- --------------------------------------------------------

--
-- Table structure for table `comments`
--

CREATE TABLE `comments` (
  `id` int(255) NOT NULL,
  `created_at` timestamp NOT NULL DEFAULT current_timestamp(),
  `updated_at` timestamp NULL DEFAULT NULL,
  `email` varchar(50) COLLATE utf8_unicode_ci NOT NULL,
  `content` varchar(255) COLLATE utf8_unicode_ci NOT NULL,
  `approved_comm` int(100) DEFAULT NULL,
  `post_id` int(100) NOT NULL
) ENGINE=InnoDB DEFAULT CHARSET=utf8 COLLATE=utf8_unicode_ci;

--
-- Dumping data for table `comments`
--

INSERT INTO `comments` (`id`, `created_at`, `updated_at`, `email`, `content`, `approved_comm`, `post_id`) VALUES
(95, '2021-06-29 06:20:48', '2021-07-14 09:17:46', 'strukapro@gmail.com', 'ISTEKLAAA', 1, 11),
(96, '2021-06-29 07:58:37', NULL, 'marko@gmail.com', '123', NULL, 14),
(97, '2021-06-29 08:01:39', NULL, 'marko@gmail.com', '123456', NULL, 14);

-- --------------------------------------------------------

--
-- Table structure for table `files`
--

CREATE TABLE `files` (
  `id` int(255) NOT NULL,
  `file_name` varchar(200) COLLATE utf8_unicode_ci NOT NULL
) ENGINE=InnoDB DEFAULT CHARSET=utf8 COLLATE=utf8_unicode_ci;

--
-- Dumping data for table `files`
--

INSERT INTO `files` (`id`, `file_name`) VALUES
(2, 'single_post_img.jpg'),
(3, 'slider_img1.jpg'),
(4, 'photograph_img3.jpg'),
(6, 'slider_img4.jpg'),
(7, 'news_thumbnail2.jpg'),
(8, 'news_thumbnail3.jpg'),
(9, 'featured_img1.jpg'),
(10, 'featured_img2.jpg'),
(11, 'featured_img3.jpg'),
(15, '1625822936_download (2).jpg'),
(16, '1625828256_Instagram-će-početi-da-sakriva-fotošopirane-slike-1 - Copy.jpg'),
(77, '123321.png'),
(78, 'temp - Copy.png'),
(79, 'temp.png'),
(80, '1626166377_123321.png'),
(83, '1626167025_download - Copy.jpg'),
(84, '1626169722_download - Copy.jpg'),
(85, '1626169738_download - Copy.jpg'),
(109, '1626171567_download (2).jpg'),
(110, '1626171567_slike-prirode-za-desktop-757.jpg'),
(120, '1626172279_download (2).jpg'),
(121, '1626172279_download (3).jpg'),
(155, '1626258891_123321.png'),
(156, '1626258996_123321.png'),
(157, '1626259076_asddsa.png'),
(169, '1626264247_Pexels Videos 1003935.mp4'),
(170, '1626267140_Aca Lukas - Bele ruze - (Audio 2000).mp3'),
(171, '1626267485_Aca Lukas - Bele ruze - (Audio 2000).mp3'),
(172, '1626267485_Pexels Videos 4552.mp4'),
(186, '1626272460_'),
(191, '1626272879_download - Copy.jpg'),
(192, '1626272879_download (3).jpg'),
(193, '1626272879_download (4) - Copy.jpg'),
(203, '1626276531_download (2).jpg'),
(204, '1626276531_download (4) - Copy.jpg'),
(205, '1626276531_Instagram-će-početi-da-sakriva-fotošopirane-slike-1.jpg'),
(207, '1626276564_download (2).jpg'),
(208, '1626276564_slike-na-platnu-plaza-i-more-nina088-k_4640 - Copy.jpg'),
(214, '1626329085_download (3).jpg'),
(215, '1626329085_Instagram-će-početi-da-sakriva-fotošopirane-slike-1 - Copy.jpg'),
(216, '1626329085_slike-prirode-za-desktop-757.jpg'),
(223, '1626350978_Aca Lukas - Bele ruze - (Audio 2000).mp3'),
(224, '1626350978_asddsa.png'),
(225, '1626351131_Aca Lukas - Bele ruze - (Audio 2000).mp3'),
(226, '1626351608_download - Copy.jpg'),
(227, '1626351608_download (1).jpg'),
(228, '1626354733_Aca Lukas - Bele ruze - (Audio 2000).mp3'),
(229, '1626354733_Pexels Videos 1003935.mp4'),
(230, '1626417520_'),
(231, '1626417717_'),
(232, '1626419980_Pexels Videos 4552.mp4'),
(233, '1626420040_Aca Lukas - Bele ruze - (Audio 2000).mp3'),
(234, '1626420040_Pexels Videos 4552.mp4'),
(235, '1626420232_BD CV.pdf'),
(236, '1626433992_slike-prirode-za-desktop-757.jpg'),
(237, '1626434765_Instagram-će-početi-da-sakriva-fotošopirane-slike-1.jpg'),
(238, '1626434822_download (2).jpg'),
(239, '1626434822_download (4).jpg');

-- --------------------------------------------------------

--
-- Table structure for table `permissions`
--

CREATE TABLE `permissions` (
  `id` int(255) NOT NULL,
  `created_at` timestamp NOT NULL DEFAULT current_timestamp(),
  `updated_at` timestamp NULL DEFAULT NULL,
  `name` varchar(255) COLLATE utf8_unicode_ci NOT NULL,
  `description` text COLLATE utf8_unicode_ci NOT NULL
) ENGINE=InnoDB DEFAULT CHARSET=utf8 COLLATE=utf8_unicode_ci;

--
-- Dumping data for table `permissions`
--

INSERT INTO `permissions` (`id`, `created_at`, `updated_at`, `name`, `description`) VALUES
(1, '2021-07-12 08:27:06', NULL, 'Create Post', 'This permission can create posts.'),
(2, '2021-07-12 08:27:06', NULL, 'Delete Post', 'This permission can delete posts.'),
(3, '2021-07-12 08:27:06', NULL, 'Update Post', 'This permission can update posts.'),
(5, '2021-07-12 08:27:06', NULL, 'Approve Post', 'This permission can approve posts.'),
(9, '2021-07-19 12:45:13', NULL, 'Create User', 'This permission can create user.'),
(10, '2021-07-19 12:45:13', NULL, 'Delete User', 'This permission can delete user.'),
(11, '2021-07-19 12:45:13', NULL, 'Update User', 'This permission can update user.'),
(12, '2021-07-19 12:46:05', NULL, 'Create Role', 'This permission can create role.'),
(13, '2021-07-19 12:46:05', NULL, 'Delete Role', 'This permission can delete role.'),
(14, '2021-07-19 12:46:05', NULL, 'Update Role', 'This permission can update role.'),
(15, '2021-07-19 12:46:45', NULL, 'Create Tag', 'This permission can create tag.'),
(16, '2021-07-19 12:46:45', NULL, 'Delete Tag', 'This permission can delete tag.'),
(17, '2021-07-19 12:46:45', NULL, 'Update Tag', 'This permission can update tag.'),
(18, '2021-07-19 12:47:36', NULL, 'Create Category', 'This permission can create category.'),
(19, '2021-07-19 12:47:36', NULL, 'Delete Category', 'This permission can delete category.'),
(20, '2021-07-19 12:47:36', NULL, 'Update Category', 'This permission can update category.'),
(21, '2021-07-19 12:48:43', NULL, 'Create Forbidden Word', 'This permission can create forbidden word.'),
(22, '2021-07-19 12:48:43', NULL, 'Delete Forbidden Word', 'This permission can delete forbidden word.'),
(23, '2021-07-19 12:48:43', NULL, 'Update Forbidden Word', 'This permission can update forbidden word.'),
(24, '2021-07-19 12:49:50', NULL, 'Create Permission', 'This permission can create permission.'),
(25, '2021-07-19 12:49:50', NULL, 'Delete Permission', 'This permission can delete permission.'),
(26, '2021-07-19 12:49:50', NULL, 'Update Permission', 'This permission can update permission.'),
(27, '2021-07-19 12:50:22', NULL, 'Update PermissionRole', 'This permission can update permission role.'),
(29, '2021-07-19 12:51:42', NULL, 'Delete Comment', 'This permission can delete comment.'),
(32, '2021-07-19 15:04:10', NULL, 'Delete File', 'This permission can delete file.');

-- --------------------------------------------------------

--
-- Table structure for table `permission_roles`
--

CREATE TABLE `permission_roles` (
  `permission_id` int(50) NOT NULL,
  `role_id` int(50) NOT NULL
) ENGINE=InnoDB DEFAULT CHARSET=utf8 COLLATE=utf8_unicode_ci;

--
-- Dumping data for table `permission_roles`
--

INSERT INTO `permission_roles` (`permission_id`, `role_id`) VALUES
(1, 3),
(3, 3),
(1, 9),
(2, 9),
(3, 9),
(4, 2),
(7, 2),
(1, 1),
(2, 1),
(3, 1),
(5, 1),
(9, 1),
(10, 1),
(11, 1),
(12, 1),
(13, 1),
(14, 1),
(15, 1),
(16, 1),
(17, 1),
(18, 1),
(19, 1),
(20, 1),
(21, 1),
(22, 1),
(23, 1),
(24, 1),
(25, 1),
(26, 1),
(27, 1),
(32, 1);

-- --------------------------------------------------------

--
-- Table structure for table `posts`
--

CREATE TABLE `posts` (
  `id` int(255) NOT NULL,
  `created_at` timestamp NOT NULL DEFAULT current_timestamp(),
  `updated_at` timestamp NULL DEFAULT NULL,
  `title` varchar(100) COLLATE utf8_unicode_ci NOT NULL,
  `content` text COLLATE utf8_unicode_ci NOT NULL,
  `author_id` int(100) NOT NULL,
  `approved_by` int(100) DEFAULT NULL,
  `edited_by` int(100) DEFAULT NULL,
  `category_id` int(100) NOT NULL
) ENGINE=InnoDB DEFAULT CHARSET=utf8 COLLATE=utf8_unicode_ci;

--
-- Dumping data for table `posts`
--

INSERT INTO `posts` (`id`, `created_at`, `updated_at`, `title`, `content`, `author_id`, `approved_by`, `edited_by`, `category_id`) VALUES
(1, '2021-06-18 06:56:00', '2021-07-08 13:00:38', 'Title 2 Title 2', 'Conten2 Content 2  Conten2 Content 2  Conten2 Content 2  ', 1, 1, 1, 6),
(2, '2021-06-18 06:56:00', NULL, 'Title 1', ' Content 1 Content 1 Content 1 Content 1   ', 1, 1, 1, 3),
(3, '2021-06-18 06:59:02', '2021-07-08 13:04:42', 'Title 6', 'Content 6 Content6 Content6 Content6  ', 3, 1, 1, 5),
(4, '2021-06-18 06:59:02', NULL, 'Title 5', 'Content 5 Content 5 Content 5 Content 5       ', 1, 1, 1, 4),
(5, '2021-06-18 06:59:02', NULL, 'Title 4 Titlte 4', 'Content 4 Content 4         Content 4 Content 4    Content 4 Content 4    Content 4 Content 4    ', 1, 1, 1, 3),
(6, '2021-06-18 06:59:02', NULL, 'Title 3Title 3', 'Content 3 Content 3        Content 3 Content 3    Content 3 Content 3    Content 3 Content 3    Content 3 Content 3    Content 3 Content 3    ', 1, 1, 1, 2),
(7, '2021-06-18 07:00:02', '2021-07-08 13:04:43', 'Title 8', 'Content 8 Content8 Content8 Content8 Content8             ', 1, 1, 1, 1),
(8, '2021-06-18 07:00:02', NULL, 'Title 7 ', ' Content 7 Content 7 Content7 Content 7 Content 7             ', 1, 2, 1, 6),
(9, '2021-06-18 07:02:18', NULL, 'Title 12', 'Content 12  Content 12 Content 12 Content 12 Content 12 Content 12 Content 12 Content 12    ', 1, 2, 1, 5),
(10, '2021-06-18 07:02:18', NULL, 'Title 11', 'Content 11 Content 11 Content 11 Content 11 Content 11 Content 11 Content 11   ', 1, 3, 1, 5),
(11, '2021-06-18 07:02:18', NULL, 'Title 10', 'Content 10 Content 10 Content 10 Content 10 Content 10 Content 10 Content 10             ', 1, 1, 1, 4),
(12, '2021-06-18 07:02:18', NULL, 'Title 9', ' Content 9 Content9 Content9 Content9 Content9             ', 1, 1, 1, 2),
(13, '2021-06-21 12:52:50', '2021-07-15 13:12:14', 'Title 13', ' Content 13  Content 13  Content 13  Content 13  Content 13  Content 13              ', 1, 1, 1, 1),
(14, '2021-06-23 11:36:35', NULL, 'Title 14', 'Content 14 Content 14 Content 14 Content 14 Content 14 Content 14 Content 14 Content 14 Content 14 Content 14 Content 14 Content 14 Content 14             ', 1, 1, 1, 2),
(84, '2021-07-13 08:52:57', '2021-07-14 16:16:50', 'Title 15', ' Content 15     Content 15   Content 15   Content 15   Content 15   Content 15   Content 15   Content 15   Content 15   Content 15   Content 15   Content 15   Content 15   Content 15   Content 15   Content 15   Content 15   Content 15   Content 15    ', 1, 1, 1, 6),
(85, '2021-07-13 09:03:45', '2021-07-14 14:27:59', 'Ovo je neka proba', '                          probejsn                                                     ', 1, 1, 1, 5),
(90, '2021-07-13 14:02:39', '2021-07-15 12:20:08', 'Konacno123', '                                      Konacno proba                                                                                                                            ', 1, 1, 1, 4),
(98, '2021-07-14 15:29:24', '2021-07-14 15:31:05', 'Proba naslov ', '                           asasasas                           ', 1, 1, 1, 4),
(101, '2021-07-15 06:04:45', '2021-07-16 11:19:20', 'Ttitle X  ', '      Content X Contente X  Content X Contente X  Content X Contente X  Content X Contente X                                                               ', 1, 1, 1, 1),
(107, '2021-07-16 11:13:12', NULL, 'Proba naslov 1', '                        asasass                        ', 1, 1, NULL, 4),
(108, '2021-07-16 11:26:05', NULL, 'Proba naslov 23', '                                             hvyf  assa                                                 ', 1, 1, NULL, 3),
(109, '2021-07-16 11:27:02', '2021-07-17 13:04:19', 'Proba naslov 2332', '                                                    sfafsgfsf                                                  ', 1, 1, 1, 5);

-- --------------------------------------------------------

--
-- Table structure for table `post_files`
--

CREATE TABLE `post_files` (
  `post_id` int(255) NOT NULL,
  `file_id` int(255) NOT NULL
) ENGINE=InnoDB DEFAULT CHARSET=utf8 COLLATE=utf8_unicode_ci;

--
-- Dumping data for table `post_files`
--

INSERT INTO `post_files` (`post_id`, `file_id`) VALUES
(1, 6),
(2, 2),
(3, 3),
(4, 4),
(6, 6),
(7, 7),
(8, 10),
(13, 9),
(9, 10),
(11, 5),
(10, 3),
(12, 6),
(14, 10),
(20, 15),
(1, 2),
(1, 5),
(21, 16),
(22, 17),
(23, 18),
(25, 20),
(26, 21),
(27, 22),
(28, 23),
(31, 26),
(32, 27),
(33, 28),
(34, 29),
(36, 31),
(41, 32),
(42, 33),
(45, 35),
(46, 36),
(49, 38),
(50, 39),
(12, 2),
(51, 40),
(55, 41),
(82, 74),
(82, 75),
(82, 76),
(83, 78),
(83, 79),
(84, 80),
(8, 100),
(86, 115),
(87, 116),
(88, 117),
(89, 118),
(91, 154),
(92, 155),
(93, 156),
(90, 169),
(90, 170),
(85, 191),
(85, 192),
(85, 193),
(98, 207),
(98, 208),
(98, 209),
(98, 210),
(84, 213),
(101, 214),
(101, 215),
(101, 216),
(101, 217),
(90, 226),
(90, 227),
(13, 228),
(13, 229),
(105, 231),
(101, 233),
(101, 234),
(101, 235),
(107, 236),
(108, 237),
(109, 238),
(109, 239);

-- --------------------------------------------------------

--
-- Table structure for table `post_likes`
--

CREATE TABLE `post_likes` (
  `post_id` int(100) NOT NULL,
  `user_id` int(100) NOT NULL
) ENGINE=InnoDB DEFAULT CHARSET=utf8 COLLATE=utf8_unicode_ci;

--
-- Dumping data for table `post_likes`
--

INSERT INTO `post_likes` (`post_id`, `user_id`) VALUES
(9, 2),
(14, 2),
(1, 9),
(9, 1),
(19, 1);

-- --------------------------------------------------------

--
-- Table structure for table `post_tags`
--

CREATE TABLE `post_tags` (
  `post_id` int(255) NOT NULL,
  `tag_id` int(255) NOT NULL
) ENGINE=InnoDB DEFAULT CHARSET=utf8 COLLATE=utf8_unicode_ci;

--
-- Dumping data for table `post_tags`
--

INSERT INTO `post_tags` (`post_id`, `tag_id`) VALUES
(1, 2),
(1, 1),
(2, 3),
(2, 4),
(3, 1),
(3, 4),
(4, 5),
(4, 6),
(5, 1),
(5, 5),
(6, 3),
(6, 4),
(7, 1),
(7, 5),
(8, 4),
(90, 5),
(91, 2),
(92, 5),
(93, 1),
(93, 2),
(101, 2),
(101, 4),
(108, 5),
(109, 1),
(109, 5);

-- --------------------------------------------------------

--
-- Table structure for table `roles`
--

CREATE TABLE `roles` (
  `id` int(255) NOT NULL,
  `created_at` timestamp NOT NULL DEFAULT current_timestamp(),
  `updated_at` timestamp NULL DEFAULT NULL,
  `role_name` varchar(20) COLLATE utf8_unicode_ci NOT NULL
) ENGINE=InnoDB DEFAULT CHARSET=utf8 COLLATE=utf8_unicode_ci;

--
-- Dumping data for table `roles`
--

INSERT INTO `roles` (`id`, `created_at`, `updated_at`, `role_name`) VALUES
(1, '2021-07-06 15:48:46', NULL, 'Admin'),
(2, '2021-07-06 15:48:46', NULL, 'User'),
(3, '2021-07-06 15:48:46', NULL, 'Operator'),
(9, '2021-07-12 07:45:52', NULL, 'Editor');

-- --------------------------------------------------------

--
-- Table structure for table `tags`
--

CREATE TABLE `tags` (
  `id` int(255) NOT NULL,
  `created_at` timestamp NOT NULL DEFAULT current_timestamp(),
  `updated_at` timestamp NULL DEFAULT NULL,
  `keyword` varchar(20) COLLATE utf8_unicode_ci NOT NULL
) ENGINE=InnoDB DEFAULT CHARSET=utf8 COLLATE=utf8_unicode_ci;

--
-- Dumping data for table `tags`
--

INSERT INTO `tags` (`id`, `created_at`, `updated_at`, `keyword`) VALUES
(1, '2021-07-06 15:53:40', NULL, 'FK'),
(2, '2021-07-06 15:53:40', NULL, 'Zvezda'),
(3, '2021-07-06 15:53:40', NULL, 'Partizan'),
(4, '2021-07-06 15:53:40', NULL, 'Football'),
(5, '2021-07-06 15:53:40', NULL, 'Tenis'),
(6, '2021-07-06 15:53:40', NULL, 'KK');

-- --------------------------------------------------------

--
-- Table structure for table `users`
--

CREATE TABLE `users` (
  `id` int(255) NOT NULL,
  `created_at` timestamp NOT NULL DEFAULT current_timestamp(),
  `updated_at` timestamp NULL DEFAULT NULL,
  `first_name` varchar(20) COLLATE utf8_unicode_ci NOT NULL,
  `last_name` varchar(25) COLLATE utf8_unicode_ci NOT NULL,
  `email` varchar(100) COLLATE utf8_unicode_ci NOT NULL,
  `password` varchar(50) COLLATE utf8_unicode_ci NOT NULL,
  `role_id` int(255) NOT NULL
) ENGINE=InnoDB DEFAULT CHARSET=utf8 COLLATE=utf8_unicode_ci;

--
-- Dumping data for table `users`
--

INSERT INTO `users` (`id`, `created_at`, `updated_at`, `first_name`, `last_name`, `email`, `password`, `role_id`) VALUES
(1, '2021-06-18 06:53:54', '2021-07-15 06:32:18', 'Boris', 'Dmitrovic', 'boris.dmitrovic@quantox.com', '4297f44b13955235245b2497399d7a93', 1),
(2, '2021-06-18 12:47:14', NULL, 'Marko', 'Markovic', 'marko@gmail.com', '4297f44b13955235245b2497399d7a93', 2),
(3, '2021-06-18 12:47:14', '2021-07-17 13:41:40', 'Milica', 'Milicevic', 'milica@gmail.com', '4297f44b13955235245b2497399d7a93', 3),
(9, '2021-07-07 10:45:36', '2021-07-07 13:18:47', 'Djordje', 'Djordjevic', 'djole@gmail.com', 'a8f5f167f44f4964e6c998dee827110c', 3),
(10, '2021-07-12 09:00:20', '2021-07-13 11:49:59', 'Boris', 'Dmitrovic', 'strukapro@gmail.com', '4297f44b13955235245b2497399d7a93', 2);

-- --------------------------------------------------------

--
-- Table structure for table `verify_comments`
--

CREATE TABLE `verify_comments` (
  `id` int(255) NOT NULL,
  `email` varchar(100) COLLATE utf8_unicode_ci NOT NULL,
  `selector` text COLLATE utf8_unicode_ci NOT NULL,
  `expires` timestamp NOT NULL DEFAULT current_timestamp() ON UPDATE current_timestamp()
) ENGINE=InnoDB DEFAULT CHARSET=utf8 COLLATE=utf8_unicode_ci;

-- --------------------------------------------------------

--
-- Table structure for table `visits`
--

CREATE TABLE `visits` (
  `id` int(255) NOT NULL,
  `visited_at` timestamp NOT NULL DEFAULT current_timestamp(),
  `ip` varchar(255) COLLATE utf8_unicode_ci NOT NULL,
  `post_id` int(100) NOT NULL
) ENGINE=InnoDB DEFAULT CHARSET=utf8 COLLATE=utf8_unicode_ci;

--
-- Dumping data for table `visits`
--

INSERT INTO `visits` (`id`, `visited_at`, `ip`, `post_id`) VALUES
(51, '2021-06-22 13:04:41', '::1', 13),
(52, '2021-06-22 13:04:51', '::1', 13),
(53, '2021-06-22 13:04:53', '::1', 13),
(54, '2021-06-22 13:04:54', '::1', 13),
(55, '2021-06-22 13:04:54', '::1', 13),
(56, '2021-06-22 13:04:54', '::1', 13),
(57, '2021-06-22 13:05:32', '::1', 13),
(58, '2021-06-22 13:08:27', '::1', 13),
(59, '2021-06-22 13:08:45', '::1', 13),
(60, '2021-06-22 13:11:10', '::1', 13),
(61, '2021-06-22 13:11:14', '::1', 13),
(62, '2021-06-22 13:11:18', '::1', 13),
(63, '2021-06-22 13:11:27', '::1', 13),
(64, '2021-06-22 13:16:38', '::1', 2),
(65, '2021-06-22 13:16:44', '::1', 13),
(66, '2021-06-22 13:17:36', '::1', 13),
(67, '2021-06-22 13:17:41', '::1', 13),
(68, '2021-06-22 13:17:44', '::1', 13),
(69, '2021-06-22 13:18:29', '::1', 13),
(70, '2021-06-22 13:18:30', '::1', 13),
(71, '2021-06-22 13:18:31', '::1', 13),
(72, '2021-06-22 13:18:31', '::1', 13),
(73, '2021-06-22 13:18:31', '::1', 13),
(74, '2021-06-22 13:18:31', '::1', 13),
(75, '2021-06-22 13:18:34', '::1', 11),
(76, '2021-06-22 13:18:37', '::1', 3),
(77, '2021-06-22 13:18:42', '::1', 5),
(78, '2021-06-22 13:18:45', '::1', 5),
(79, '2021-06-22 13:18:51', '::1', 1),
(80, '2021-06-22 13:19:00', '::1', 2),
(81, '2021-06-22 13:19:03', '::1', 13),
(82, '2021-06-22 13:19:59', '::1', 13),
(83, '2021-06-22 13:20:28', '::1', 13),
(84, '2021-06-22 13:21:02', '::1', 13),
(85, '2021-06-22 13:21:19', '::1', 13),
(86, '2021-06-22 13:21:56', '::1', 13),
(87, '2021-06-22 13:22:06', '::1', 13),
(88, '2021-06-22 13:22:25', '::1', 13),
(89, '2021-06-22 13:23:48', '::1', 6),
(90, '2021-06-22 13:23:51', '::1', 12),
(91, '2021-06-23 05:53:46', '::1', 12),
(92, '2021-06-23 05:57:58', '::1', 12),
(93, '2021-06-23 05:58:41', '::1', 12),
(94, '2021-06-23 05:58:48', '::1', 12),
(95, '2021-06-23 05:58:57', '::1', 12),
(96, '2021-06-23 05:59:04', '::1', 12),
(97, '2021-06-23 05:59:13', '::1', 12),
(98, '2021-06-23 05:59:46', '::1', 12),
(99, '2021-06-23 06:00:14', '::1', 12),
(100, '2021-06-23 06:02:01', '::1', 12),
(101, '2021-06-23 06:02:22', '::1', 12),
(102, '2021-06-23 06:03:05', '::1', 12),
(103, '2021-06-23 06:03:15', '::1', 12),
(104, '2021-06-23 06:27:56', '::1', 5),
(105, '2021-06-23 07:00:25', '::1', 13),
(106, '2021-06-23 07:09:32', '::1', 13),
(107, '2021-06-23 07:09:42', '::1', 13),
(108, '2021-06-23 07:10:43', '::1', 13),
(109, '2021-06-23 07:10:52', '::1', 13),
(110, '2021-06-23 07:16:29', '::1', 13),
(111, '2021-06-23 07:16:36', '::1', 13),
(112, '2021-06-23 07:17:19', '::1', 13),
(113, '2021-06-23 07:17:28', '::1', 13),
(114, '2021-06-23 07:17:46', '::1', 13),
(115, '2021-06-23 07:26:41', '::1', 13),
(116, '2021-06-23 07:28:10', '::1', 13),
(117, '2021-06-23 07:28:25', '::1', 13),
(118, '2021-06-23 07:40:14', '::1', 6),
(119, '2021-06-23 09:16:16', '::1', 13),
(120, '2021-06-23 09:16:20', '::1', 13),
(121, '2021-06-23 09:16:21', '::1', 13),
(122, '2021-06-23 09:18:38', '::1', 13),
(123, '2021-06-23 09:18:51', '::1', 13),
(124, '2021-06-23 09:19:49', '::1', 13),
(125, '2021-06-23 09:19:54', '::1', 13),
(126, '2021-06-23 09:19:57', '::1', 13),
(127, '2021-06-23 09:20:57', '::1', 13),
(128, '2021-06-23 09:21:22', '::1', 13),
(129, '2021-06-23 09:21:30', '::1', 13),
(130, '2021-06-23 09:21:48', '::1', 13),
(131, '2021-06-23 09:40:58', '::1', 13),
(132, '2021-06-23 09:42:03', '::1', 13),
(133, '2021-06-23 09:42:34', '::1', 13),
(134, '2021-06-23 09:42:43', '::1', 13),
(135, '2021-06-23 09:43:15', '::1', 13),
(136, '2021-06-23 09:58:03', '::1', 13),
(137, '2021-06-23 09:58:10', '::1', 13),
(138, '2021-06-23 10:00:19', '::1', 11),
(139, '2021-06-23 10:00:21', '::1', 11),
(140, '2021-06-23 10:00:24', '::1', 3),
(141, '2021-06-23 10:00:28', '::1', 3),
(142, '2021-06-23 10:03:02', '::1', 13),
(143, '2021-06-23 10:03:04', '::1', 13),
(144, '2021-06-23 10:03:12', '::1', 13),
(145, '2021-06-23 10:09:30', '::1', 5),
(146, '2021-06-23 10:09:31', '::1', 6),
(147, '2021-06-23 10:09:32', '::1', 1),
(148, '2021-06-23 10:09:34', '::1', 2),
(149, '2021-06-23 10:09:46', '::1', 6),
(150, '2021-06-23 10:09:47', '::1', 12),
(151, '2021-06-23 10:10:02', '::1', 3),
(152, '2021-06-23 10:10:02', '::1', 10),
(153, '2021-06-23 10:10:03', '::1', 13),
(154, '2021-06-23 10:10:14', '::1', 4),
(155, '2021-06-23 10:10:14', '::1', 8),
(156, '2021-06-23 10:14:09', '::1', 4),
(157, '2021-06-23 10:14:10', '::1', 8),
(158, '2021-06-23 10:14:15', '::1', 1),
(159, '2021-06-23 10:14:15', '::1', 9),
(160, '2021-06-23 10:14:21', '::1', 9),
(161, '2021-06-23 10:34:48', '::1', 3),
(162, '2021-06-23 10:34:57', '::1', 11),
(163, '2021-06-23 10:35:02', '::1', 1),
(164, '2021-06-23 11:07:41', '::1', 13),
(165, '2021-06-23 11:08:06', '::1', 13),
(166, '2021-06-23 11:08:23', '::1', 13),
(167, '2021-06-23 11:08:46', '::1', 13),
(168, '2021-06-23 11:09:01', '::1', 13),
(169, '2021-06-23 11:10:52', '::1', 13),
(170, '2021-06-23 11:10:54', '::1', 13),
(171, '2021-06-23 11:11:15', '::1', 13),
(172, '2021-06-23 11:11:51', '::1', 13),
(173, '2021-06-23 11:13:14', '::1', 13),
(174, '2021-06-23 11:13:47', '::1', 13),
(175, '2021-06-23 11:14:04', '::1', 13),
(176, '2021-06-23 11:15:06', '::1', 13),
(177, '2021-06-23 11:15:07', '::1', 13),
(178, '2021-06-23 11:15:11', '::1', 11),
(179, '2021-06-23 11:22:54', '::1', 13),
(180, '2021-06-23 11:23:00', '::1', 5),
(181, '2021-06-23 11:24:54', '::1', 7),
(182, '2021-06-23 11:24:58', '::1', 2),
(183, '2021-06-23 11:25:09', '::1', 4),
(184, '2021-06-23 11:25:27', '::1', 4),
(185, '2021-06-23 11:25:46', '::1', 4),
(186, '2021-06-23 11:28:41', '::1', 3),
(187, '2021-06-23 11:28:47', '::1', 13),
(188, '2021-06-23 11:29:28', '::1', 13),
(189, '2021-06-23 11:29:37', '::1', 13),
(190, '2021-06-23 11:29:46', '::1', 13),
(191, '2021-06-23 11:29:55', '::1', 13),
(192, '2021-06-23 11:30:05', '::1', 13),
(193, '2021-06-23 11:30:10', '::1', 3),
(194, '2021-06-23 11:30:13', '::1', 13),
(195, '2021-06-23 11:30:17', '::1', 11),
(196, '2021-06-23 11:30:26', '::1', 13),
(197, '2021-06-23 11:37:39', '::1', 14),
(198, '2021-06-23 11:40:06', '::1', 14),
(199, '2021-06-23 11:40:31', '::1', 14),
(200, '2021-06-23 11:43:44', '::1', 8),
(201, '2021-06-23 11:44:44', '::1', 3),
(202, '2021-06-23 11:46:19', '::1', 3),
(203, '2021-06-23 11:46:27', '::1', 8),
(204, '2021-06-23 11:46:36', '::1', 3),
(205, '2021-06-23 11:46:41', '::1', 13),
(206, '2021-06-23 11:47:04', '::1', 4),
(207, '2021-06-23 11:47:58', '::1', 4),
(208, '2021-06-23 11:48:16', '::1', 4),
(209, '2021-06-23 11:48:36', '::1', 4),
(210, '2021-06-23 11:50:38', '::1', 4),
(211, '2021-06-23 11:59:11', '::1', 14),
(212, '2021-06-23 12:03:18', '::1', 14),
(213, '2021-06-23 12:03:26', '::1', 14),
(214, '2021-06-23 12:04:02', '::1', 14),
(215, '2021-06-23 12:04:18', '::1', 14),
(216, '2021-06-23 12:05:27', '::1', 14),
(217, '2021-06-23 12:05:28', '::1', 14),
(218, '2021-06-23 12:05:33', '::1', 14),
(219, '2021-06-23 12:11:22', '::1', 14),
(220, '2021-06-23 12:11:24', '::1', 14),
(221, '2021-06-23 12:11:51', '::1', 14),
(222, '2021-06-23 12:12:05', '::1', 14),
(223, '2021-06-23 12:29:45', '::1', 14),
(224, '2021-06-23 12:30:58', '::1', 14),
(225, '2021-06-23 12:35:31', '::1', 14),
(226, '2021-06-23 12:35:43', '::1', 14),
(227, '2021-06-23 12:35:51', '::1', 14),
(228, '2021-06-23 12:36:08', '::1', 14),
(229, '2021-06-23 12:37:21', '::1', 14),
(230, '2021-06-23 12:37:24', '::1', 14),
(231, '2021-06-23 12:37:26', '::1', 14),
(232, '2021-06-23 12:42:59', '::1', 1),
(233, '2021-06-23 12:43:04', '::1', 2),
(234, '2021-06-23 12:49:02', '::1', 3),
(235, '2021-06-23 12:49:09', '::1', 1),
(236, '2021-06-23 12:51:19', '::1', 1),
(237, '2021-06-23 12:52:28', '::1', 1),
(238, '2021-06-23 12:52:39', '::1', 1),
(239, '2021-06-23 12:52:42', '::1', 1),
(240, '2021-06-23 12:52:44', '::1', 1),
(241, '2021-06-23 12:53:11', '::1', 1),
(242, '2021-06-23 13:19:27', '::1', 13),
(243, '2021-06-23 13:20:22', '::1', 13),
(244, '2021-06-23 13:20:29', '::1', 3),
(245, '2021-06-23 13:20:38', '::1', 1),
(246, '2021-06-23 13:20:44', '::1', 2),
(247, '2021-06-23 13:20:48', '::1', 2),
(248, '2021-06-24 06:04:29', '::1', 13),
(249, '2021-06-24 06:04:46', '::1', 13),
(250, '2021-06-24 06:05:27', '::1', 11),
(251, '2021-06-24 06:06:39', '::1', 3),
(252, '2021-06-24 06:24:46', '::1', 3),
(253, '2021-06-24 06:25:18', '::1', 3),
(254, '2021-06-24 07:54:28', '::1', 14),
(255, '2021-06-24 07:54:33', '::1', 14),
(256, '2021-06-24 08:03:18', '::1', 14),
(257, '2021-06-24 08:03:25', '::1', 3),
(258, '2021-06-24 08:03:31', '::1', 13),
(259, '2021-06-24 08:08:52', '::1', 8),
(260, '2021-06-24 08:09:35', '::1', 8),
(261, '2021-06-24 08:10:11', '::1', 14),
(262, '2021-06-24 08:22:13', '::1', 4),
(263, '2021-06-24 08:22:17', '::1', 8),
(264, '2021-06-24 08:22:26', '::1', 10),
(265, '2021-06-24 08:22:27', '::1', 3),
(266, '2021-06-24 08:22:30', '::1', 14),
(267, '2021-06-24 08:22:35', '::1', 13),
(268, '2021-06-24 08:22:40', '::1', 10),
(269, '2021-06-24 08:23:52', '::1', 5),
(270, '2021-06-24 08:24:19', '::1', 10),
(271, '2021-06-24 08:26:34', '::1', 4),
(272, '2021-06-24 08:27:02', '::1', 4),
(273, '2021-06-24 08:31:23', '::1', 10),
(274, '2021-06-24 08:32:16', '::1', 10),
(275, '2021-06-24 09:26:48', '::1', 9),
(276, '2021-06-24 09:26:54', '::1', 9),
(277, '2021-06-24 09:28:05', '::1', 9),
(278, '2021-06-24 09:28:09', '::1', 9),
(279, '2021-06-24 09:30:40', '::1', 9),
(280, '2021-06-24 09:35:24', '::1', 9),
(281, '2021-06-24 09:35:27', '::1', 9),
(282, '2021-06-24 09:36:00', '::1', 9),
(283, '2021-06-24 09:36:01', '::1', 9),
(284, '2021-06-24 09:36:06', '::1', 9),
(285, '2021-06-24 09:36:45', '::1', 9),
(286, '2021-06-24 09:36:49', '::1', 9),
(287, '2021-06-24 09:38:45', '::1', 9),
(288, '2021-06-24 09:39:52', '::1', 9),
(289, '2021-06-24 09:39:54', '::1', 9),
(290, '2021-06-24 09:42:04', '::1', 9),
(291, '2021-06-24 09:44:37', '::1', 9),
(292, '2021-06-24 10:06:22', '::1', 13),
(293, '2021-06-24 10:07:36', '::1', 4),
(294, '2021-06-24 10:09:21', '::1', 4),
(295, '2021-06-24 10:10:46', '::1', 4),
(296, '2021-06-24 10:10:48', '::1', 4),
(297, '2021-06-24 10:10:50', '::1', 4),
(298, '2021-06-24 10:13:30', '::1', 4),
(299, '2021-06-24 10:13:33', '::1', 4),
(300, '2021-06-24 10:13:45', '::1', 4),
(301, '2021-06-24 10:13:48', '::1', 4),
(302, '2021-06-24 10:13:55', '::1', 4),
(303, '2021-06-24 10:13:58', '::1', 4),
(304, '2021-06-24 10:17:03', '::1', 4),
(305, '2021-06-24 10:17:06', '::1', 4),
(306, '2021-06-24 10:17:26', '::1', 4),
(307, '2021-06-24 10:17:29', '::1', 4),
(308, '2021-06-24 10:18:46', '::1', 4),
(309, '2021-06-24 10:19:27', '::1', 4),
(310, '2021-06-24 10:19:28', '::1', 4),
(311, '2021-06-24 10:19:37', '::1', 4),
(312, '2021-06-24 10:20:39', '::1', 4),
(313, '2021-06-24 10:20:53', '::1', 4),
(314, '2021-06-24 10:21:04', '::1', 4),
(315, '2021-06-24 10:30:36', '::1', 4),
(316, '2021-06-24 10:30:38', '::1', 4),
(317, '2021-06-24 10:31:09', '::1', 4),
(318, '2021-06-24 10:32:50', '::1', 4),
(319, '2021-06-24 11:28:10', '::1', 13),
(320, '2021-06-24 11:28:12', '::1', 13),
(321, '2021-06-24 11:28:25', '::1', 13),
(322, '2021-06-24 11:28:29', '::1', 4),
(323, '2021-06-24 11:35:13', '::1', 13),
(324, '2021-06-24 11:35:16', '::1', 4),
(325, '2021-06-24 11:35:20', '::1', 14),
(326, '2021-06-24 11:35:24', '::1', 3),
(327, '2021-06-24 11:35:27', '::1', 9),
(328, '2021-06-24 11:35:55', '::1', 9),
(329, '2021-06-24 11:36:05', '::1', 10),
(330, '2021-06-24 11:36:07', '::1', 10),
(331, '2021-06-24 11:36:08', '::1', 10),
(332, '2021-06-24 11:36:09', '::1', 10),
(333, '2021-06-24 11:36:10', '::1', 10),
(334, '2021-06-24 11:36:10', '::1', 10),
(335, '2021-06-24 11:36:11', '::1', 10),
(336, '2021-06-24 11:36:12', '::1', 10),
(337, '2021-06-24 11:36:12', '::1', 10),
(338, '2021-06-24 11:36:13', '::1', 10),
(339, '2021-06-24 11:36:14', '::1', 10),
(340, '2021-06-24 11:36:14', '::1', 10),
(341, '2021-06-24 11:36:15', '::1', 10),
(342, '2021-06-24 11:36:15', '::1', 10),
(343, '2021-06-24 11:36:16', '::1', 10),
(344, '2021-06-24 11:46:58', '::1', 14),
(345, '2021-06-24 11:53:11', '::1', 4),
(346, '2021-06-24 11:53:14', '::1', 5),
(347, '2021-06-24 11:53:29', '::1', 5),
(348, '2021-06-24 11:55:29', '::1', 5),
(349, '2021-06-24 11:55:29', '::1', 5),
(350, '2021-06-24 11:55:36', '::1', 5),
(351, '2021-06-24 11:56:07', '::1', 5),
(352, '2021-06-24 11:58:00', '::1', 5),
(353, '2021-06-24 11:58:04', '::1', 5),
(354, '2021-06-24 11:58:06', '::1', 5),
(355, '2021-06-24 12:04:49', '::1', 5),
(356, '2021-06-24 12:04:53', '::1', 5),
(357, '2021-06-24 12:27:48', '::1', 9),
(358, '2021-06-24 12:27:57', '::1', 3),
(359, '2021-06-24 12:28:37', '::1', 3),
(360, '2021-06-24 12:29:00', '::1', 3),
(361, '2021-06-24 12:29:54', '::1', 3),
(362, '2021-06-24 12:29:56', '::1', 3),
(363, '2021-06-24 12:29:57', '::1', 3),
(364, '2021-06-24 12:29:58', '::1', 3),
(365, '2021-06-24 12:30:00', '::1', 9),
(366, '2021-06-24 12:30:11', '::1', 9),
(367, '2021-06-24 12:30:13', '::1', 9),
(368, '2021-06-24 12:30:23', '::1', 9),
(369, '2021-06-24 12:30:34', '::1', 9),
(370, '2021-06-24 12:31:04', '::1', 9),
(371, '2021-06-24 12:31:15', '::1', 9),
(372, '2021-06-24 12:34:00', '::1', 9),
(373, '2021-06-24 12:35:27', '::1', 13),
(374, '2021-06-28 07:57:01', '::1', 10),
(375, '2021-06-28 07:58:33', '::1', 14),
(376, '2021-06-28 08:08:32', '::1', 14),
(377, '2021-06-28 08:21:23', '::1', 14),
(378, '2021-06-28 08:29:54', '::1', 14),
(379, '2021-06-28 08:31:24', '::1', 14),
(380, '2021-06-28 08:31:28', '::1', 14),
(381, '2021-06-28 08:36:30', '::1', 14),
(382, '2021-06-28 08:36:34', '::1', 14),
(383, '2021-06-28 08:41:33', '::1', 14),
(384, '2021-06-28 08:41:36', '::1', 14),
(385, '2021-06-28 08:59:01', '::1', 14),
(386, '2021-06-28 08:59:02', '::1', 14),
(387, '2021-06-28 09:01:45', '::1', 14),
(388, '2021-06-28 09:01:48', '::1', 14),
(389, '2021-06-28 09:02:00', '::1', 14),
(390, '2021-06-28 09:02:19', '::1', 14),
(391, '2021-06-28 09:02:29', '::1', 14),
(392, '2021-06-28 09:04:37', '::1', 14),
(393, '2021-06-28 09:04:42', '::1', 14),
(394, '2021-06-28 09:06:02', '::1', 14),
(395, '2021-06-28 09:06:58', '::1', 14),
(396, '2021-06-28 09:23:45', '::1', 14),
(397, '2021-06-28 09:23:46', '::1', 14),
(398, '2021-06-28 09:23:58', '::1', 14),
(399, '2021-06-28 09:24:21', '::1', 14),
(400, '2021-06-28 09:24:31', '::1', 14),
(401, '2021-06-28 09:24:52', '::1', 14),
(402, '2021-06-28 09:25:07', '::1', 14),
(403, '2021-06-28 09:26:54', '::1', 14),
(404, '2021-06-28 09:29:37', '::1', 14),
(405, '2021-06-28 09:29:39', '::1', 14),
(406, '2021-06-28 09:30:20', '::1', 14),
(407, '2021-06-28 09:30:22', '::1', 14),
(408, '2021-06-28 09:30:31', '::1', 14),
(409, '2021-06-28 09:30:48', '::1', 14),
(410, '2021-06-28 09:30:50', '::1', 14),
(411, '2021-06-28 09:31:05', '::1', 14),
(412, '2021-06-28 09:39:15', '::1', 14),
(413, '2021-06-28 09:58:07', '::1', 14),
(414, '2021-06-28 09:58:21', '::1', 14),
(415, '2021-06-28 10:00:06', '::1', 14),
(416, '2021-06-28 10:01:47', '::1', 14),
(417, '2021-06-28 10:01:58', '::1', 14),
(418, '2021-06-28 10:03:02', '::1', 14),
(419, '2021-06-28 10:03:25', '::1', 14),
(420, '2021-06-28 10:09:25', '::1', 14),
(421, '2021-06-28 10:12:59', '::1', 14),
(422, '2021-06-28 10:13:22', '::1', 14),
(423, '2021-06-28 10:29:12', '::1', 14),
(424, '2021-06-28 10:31:29', '::1', 13),
(425, '2021-06-28 10:31:45', '::1', 13),
(426, '2021-06-28 10:33:06', '::1', 13),
(427, '2021-06-28 10:36:49', '::1', 13),
(428, '2021-06-28 10:39:03', '::1', 13),
(429, '2021-06-28 10:47:29', '::1', 10),
(430, '2021-06-28 10:47:51', '::1', 10),
(431, '2021-06-28 10:48:20', '::1', 10),
(432, '2021-06-28 10:48:26', '::1', 10),
(433, '2021-06-28 10:48:37', '::1', 10),
(434, '2021-06-28 10:56:28', '::1', 13),
(435, '2021-06-28 10:56:41', '::1', 13),
(436, '2021-06-28 10:57:48', '::1', 13),
(437, '2021-06-28 10:58:08', '::1', 13),
(438, '2021-06-28 10:59:08', '::1', 13),
(439, '2021-06-28 10:59:25', '::1', 13),
(440, '2021-06-28 10:59:39', '::1', 13),
(441, '2021-06-28 11:11:45', '::1', 13),
(442, '2021-06-28 11:13:18', '::1', 13),
(443, '2021-06-28 11:14:22', '::1', 14),
(444, '2021-06-28 11:20:16', '::1', 3),
(445, '2021-06-28 11:20:58', '::1', 3),
(446, '2021-06-28 11:23:34', '::1', 3),
(447, '2021-06-28 11:27:15', '::1', 14),
(448, '2021-06-28 11:29:10', '::1', 14),
(449, '2021-06-28 11:29:36', '::1', 14),
(450, '2021-06-28 11:30:25', '::1', 13),
(451, '2021-06-28 11:30:59', '::1', 14),
(452, '2021-06-28 11:35:08', '::1', 3),
(453, '2021-06-28 11:40:02', '::1', 14),
(454, '2021-06-28 11:40:21', '::1', 14),
(455, '2021-06-28 11:40:54', '::1', 14),
(456, '2021-06-28 11:40:59', '::1', 14),
(457, '2021-06-28 11:41:40', '::1', 3),
(458, '2021-06-28 11:42:26', '::1', 13),
(459, '2021-06-28 11:44:08', '::1', 3),
(460, '2021-06-28 11:44:59', '::1', 3),
(461, '2021-06-28 11:45:36', '::1', 14),
(462, '2021-06-28 11:47:15', '::1', 14),
(463, '2021-06-28 11:47:38', '::1', 13),
(464, '2021-06-28 11:48:12', '::1', 3),
(465, '2021-06-28 11:48:20', '::1', 3),
(466, '2021-06-28 11:52:19', '::1', 14),
(467, '2021-06-28 11:53:34', '::1', 9),
(468, '2021-06-28 11:54:07', '::1', 9),
(469, '2021-06-28 11:54:08', '::1', 9),
(470, '2021-06-28 11:54:17', '::1', 9),
(471, '2021-06-28 11:55:18', '::1', 9),
(472, '2021-06-28 11:55:42', '::1', 9),
(473, '2021-06-28 11:55:42', '::1', 9),
(474, '2021-06-28 11:56:45', '::1', 9),
(475, '2021-06-28 11:56:46', '::1', 9),
(476, '2021-06-28 11:57:03', '::1', 9),
(477, '2021-06-28 11:57:05', '::1', 9),
(478, '2021-06-28 11:58:57', '::1', 1),
(479, '2021-06-28 12:01:09', '::1', 3),
(480, '2021-06-28 12:01:18', '::1', 3),
(481, '2021-06-28 12:01:44', '::1', 3),
(482, '2021-06-28 12:02:51', '::1', 10),
(483, '2021-06-28 12:03:31', '::1', 14),
(484, '2021-06-28 12:03:37', '::1', 14),
(485, '2021-06-28 12:04:15', '::1', 3),
(486, '2021-06-28 12:04:23', '::1', 3),
(487, '2021-06-28 12:06:52', '::1', 3),
(488, '2021-06-28 12:10:28', '::1', 3),
(489, '2021-06-28 12:11:50', '::1', 14),
(490, '2021-06-28 12:12:55', '::1', 1),
(491, '2021-06-28 12:15:12', '::1', 10),
(492, '2021-06-28 12:17:06', '::1', 14),
(493, '2021-06-28 12:18:57', '::1', 3),
(494, '2021-06-28 12:24:24', '::1', 3),
(495, '2021-06-28 12:24:31', '::1', 3),
(496, '2021-06-28 12:29:34', '::1', 3),
(497, '2021-06-28 12:44:01', '::1', 14),
(498, '2021-06-28 12:44:51', '::1', 3),
(499, '2021-06-28 12:45:18', '::1', 14),
(500, '2021-06-28 12:45:30', '::1', 14),
(501, '2021-06-28 12:46:04', '::1', 6),
(502, '2021-06-28 12:47:19', '::1', 6),
(503, '2021-06-28 13:11:24', '::1', 13),
(504, '2021-06-28 13:11:39', '::1', 13),
(505, '2021-06-28 13:12:02', '::1', 13),
(506, '2021-06-28 13:12:07', '::1', 13),
(507, '2021-06-28 13:14:38', '::1', 13),
(508, '2021-06-28 13:16:50', '::1', 13),
(509, '2021-06-28 13:16:58', '::1', 13),
(510, '2021-06-28 13:28:41', '::1', 12),
(511, '2021-06-28 13:28:54', '::1', 12),
(512, '2021-06-28 14:07:46', '::1', 13),
(513, '2021-06-28 14:07:57', '::1', 13),
(514, '2021-06-29 05:47:48', '::1', 9),
(515, '2021-06-29 05:47:51', '::1', 9),
(516, '2021-06-29 05:47:52', '::1', 9),
(517, '2021-06-29 05:47:52', '::1', 9),
(518, '2021-06-29 05:47:53', '::1', 9),
(519, '2021-06-29 05:47:53', '::1', 9),
(520, '2021-06-29 06:11:45', '::1', 1),
(521, '2021-06-29 06:11:58', '::1', 1),
(522, '2021-06-29 06:14:53', '::1', 1),
(523, '2021-06-29 06:20:36', '::1', 11),
(524, '2021-06-29 06:20:51', '::1', 11),
(525, '2021-06-29 06:21:44', '::1', 11),
(526, '2021-06-29 07:54:37', '::1', 1),
(527, '2021-06-29 07:54:44', '::1', 1),
(528, '2021-06-29 07:58:28', '::1', 14),
(529, '2021-06-29 07:58:34', '::1', 14),
(530, '2021-06-29 07:58:43', '::1', 14),
(531, '2021-06-29 08:02:16', '::1', 13),
(532, '2021-06-29 08:22:39', '::1', 1),
(533, '2021-06-29 08:22:51', '::1', 10),
(534, '2021-06-29 08:39:57', '::1', 1),
(535, '2021-06-29 08:40:25', '::1', 14),
(536, '2021-06-29 08:40:32', '::1', 10),
(537, '2021-06-29 08:40:35', '::1', 10),
(538, '2021-06-29 08:40:47', '::1', 10),
(539, '2021-06-29 08:40:51', '::1', 10),
(540, '2021-06-29 08:40:57', '::1', 10),
(541, '2021-06-29 08:41:03', '::1', 14),
(542, '2021-06-29 08:41:07', '::1', 14),
(543, '2021-06-29 08:41:25', '::1', 14),
(544, '2021-06-29 08:41:38', '::1', 13),
(545, '2021-06-29 08:44:12', '::1', 12),
(546, '2021-06-29 08:44:38', '::1', 12),
(547, '2021-06-29 08:44:45', '::1', 12),
(548, '2021-06-29 08:45:16', '::1', 14),
(549, '2021-06-29 08:45:18', '::1', 14),
(550, '2021-06-29 08:54:48', '::1', 13),
(551, '2021-06-29 08:57:05', '::1', 13),
(552, '2021-06-29 08:57:23', '::1', 13),
(553, '2021-06-29 08:57:26', '::1', 13),
(554, '2021-06-29 08:58:35', '::1', 13),
(555, '2021-06-29 08:58:49', '::1', 13),
(556, '2021-06-29 08:58:57', '::1', 13),
(557, '2021-06-29 09:06:42', '::1', 13),
(558, '2021-06-29 09:07:21', '::1', 9),
(559, '2021-06-29 09:07:56', '::1', 13),
(560, '2021-06-29 09:08:04', '::1', 9),
(561, '2021-06-29 09:10:44', '::1', 13),
(562, '2021-06-29 09:10:50', '::1', 14),
(563, '2021-06-29 09:11:31', '::1', 10),
(564, '2021-06-29 09:12:10', '::1', 14),
(565, '2021-06-29 09:29:03', '::1', 2),
(566, '2021-06-29 09:29:11', '::1', 14),
(567, '2021-06-29 09:30:49', '::1', 14),
(568, '2021-06-29 09:30:59', '::1', 1),
(569, '2021-06-29 09:31:05', '::1', 1),
(570, '2021-06-29 09:31:08', '::1', 10),
(571, '2021-06-29 09:31:14', '::1', 10),
(572, '2021-06-29 09:31:24', '::1', 10),
(573, '2021-06-29 09:45:10', '::1', 14),
(574, '2021-06-29 09:45:15', '::1', 14),
(575, '2021-06-29 09:46:18', '::1', 14),
(576, '2021-06-29 09:46:52', '::1', 14),
(577, '2021-06-29 09:47:05', '::1', 14),
(578, '2021-06-29 09:47:58', '::1', 14),
(579, '2021-06-29 09:48:20', '::1', 13),
(580, '2021-06-29 09:52:36', '::1', 14),
(581, '2021-06-29 09:52:43', '::1', 14),
(582, '2021-06-29 09:56:16', '::1', 9),
(583, '2021-06-29 09:56:19', '::1', 14),
(584, '2021-06-29 09:59:59', '::1', 1),
(585, '2021-06-29 10:00:06', '::1', 1),
(586, '2021-06-29 10:00:15', '::1', 14),
(587, '2021-06-29 10:04:02', '::1', 14),
(588, '2021-06-29 10:06:49', '::1', 1),
(589, '2021-06-29 10:07:54', '::1', 1),
(590, '2021-06-29 10:08:00', '::1', 1),
(591, '2021-06-29 10:08:04', '::1', 1),
(592, '2021-06-29 10:08:53', '::1', 13),
(593, '2021-06-29 10:08:58', '::1', 10),
(594, '2021-06-29 10:16:18', '::1', 9),
(595, '2021-06-29 10:32:53', '::1', 3),
(596, '2021-06-29 10:35:52', '::1', 3),
(597, '2021-06-29 10:37:13', '::1', 3),
(598, '2021-06-29 10:37:21', '::1', 1),
(599, '2021-06-29 10:37:32', '::1', 14),
(600, '2021-06-29 10:37:36', '::1', 14),
(601, '2021-06-29 10:37:37', '::1', 14),
(602, '2021-06-29 10:37:55', '::1', 14),
(603, '2021-06-29 10:38:09', '::1', 14),
(604, '2021-06-29 10:38:19', '::1', 14),
(605, '2021-06-29 10:39:03', '::1', 14),
(606, '2021-06-29 10:39:52', '::1', 14),
(607, '2021-06-29 10:40:23', '::1', 14),
(608, '2021-06-29 10:40:34', '::1', 14),
(609, '2021-06-29 10:41:34', '::1', 14),
(610, '2021-06-29 10:41:48', '::1', 14),
(611, '2021-06-29 10:42:08', '::1', 14),
(612, '2021-06-29 10:42:09', '::1', 14),
(613, '2021-06-29 10:42:10', '::1', 14),
(614, '2021-06-29 10:42:11', '::1', 14),
(615, '2021-06-29 10:42:11', '::1', 14),
(616, '2021-06-29 10:42:13', '::1', 14),
(617, '2021-06-29 10:42:20', '::1', 14),
(618, '2021-06-29 10:42:26', '::1', 1),
(619, '2021-06-29 10:42:28', '::1', 2),
(620, '2021-06-29 10:42:30', '::1', 14),
(621, '2021-06-29 10:42:46', '::1', 14),
(622, '2021-06-29 10:43:23', '::1', 14),
(623, '2021-06-29 10:45:07', '::1', 14),
(624, '2021-06-29 10:45:21', '::1', 14),
(625, '2021-06-29 10:46:04', '::1', 14),
(626, '2021-06-29 10:48:44', '::1', 14),
(627, '2021-06-29 10:48:49', '::1', 14),
(628, '2021-06-29 10:48:57', '::1', 14),
(629, '2021-06-29 10:49:09', '::1', 14),
(630, '2021-06-29 10:49:23', '::1', 14),
(631, '2021-06-29 10:49:30', '::1', 14),
(632, '2021-06-29 10:49:48', '::1', 14),
(633, '2021-06-29 10:50:00', '::1', 14),
(634, '2021-06-29 10:55:09', '::1', 14),
(635, '2021-06-29 10:55:10', '::1', 14),
(636, '2021-06-29 10:55:11', '::1', 14),
(637, '2021-06-29 10:55:11', '::1', 14),
(638, '2021-06-29 10:55:23', '::1', 14),
(639, '2021-06-29 10:56:45', '::1', 14),
(640, '2021-06-29 10:56:58', '::1', 14),
(641, '2021-06-29 10:57:12', '::1', 14),
(642, '2021-06-29 10:57:53', '::1', 14),
(643, '2021-06-29 10:59:05', '::1', 14),
(644, '2021-06-29 10:59:09', '::1', 13),
(645, '2021-06-29 10:59:12', '::1', 9),
(646, '2021-06-29 10:59:16', '::1', 10),
(647, '2021-06-29 10:59:20', '::1', 11),
(648, '2021-06-29 10:59:23', '::1', 13),
(649, '2021-06-29 10:59:27', '::1', 10),
(650, '2021-06-29 10:59:45', '::1', 14),
(651, '2021-06-29 10:59:47', '::1', 1),
(652, '2021-06-29 10:59:54', '::1', 2),
(653, '2021-06-29 10:59:58', '::1', 3),
(654, '2021-06-29 11:00:06', '::1', 4),
(655, '2021-06-29 11:00:09', '::1', 5),
(656, '2021-06-29 11:00:14', '::1', 6),
(657, '2021-06-29 11:00:18', '::1', 7),
(658, '2021-06-29 11:00:26', '::1', 8),
(659, '2021-06-29 11:00:52', '::1', 1),
(660, '2021-06-29 11:01:44', '::1', 1),
(661, '2021-06-29 11:01:58', '::1', 7),
(662, '2021-06-29 11:02:02', '::1', 8),
(663, '2021-06-29 11:02:30', '::1', 8),
(664, '2021-06-29 11:02:31', '::1', 8),
(665, '2021-06-29 11:02:31', '::1', 8),
(666, '2021-06-29 11:02:37', '::1', 1),
(667, '2021-06-29 11:02:40', '::1', 14),
(668, '2021-06-29 11:03:09', '::1', 14),
(669, '2021-06-29 11:03:35', '::1', 14),
(670, '2021-06-29 11:04:06', '::1', 14),
(671, '2021-06-29 11:04:13', '::1', 14),
(672, '2021-06-29 11:05:01', '::1', 14),
(673, '2021-06-29 11:05:02', '::1', 14),
(674, '2021-06-29 11:05:03', '::1', 14),
(675, '2021-06-29 11:05:03', '::1', 14),
(676, '2021-06-29 11:05:03', '::1', 14),
(677, '2021-06-29 11:05:15', '::1', 14),
(678, '2021-06-29 11:05:16', '::1', 14),
(679, '2021-06-29 11:05:16', '::1', 14),
(680, '2021-06-29 11:05:16', '::1', 14),
(681, '2021-06-29 11:05:16', '::1', 14),
(682, '2021-06-29 11:05:17', '::1', 14),
(683, '2021-06-29 11:05:41', '::1', 14),
(684, '2021-06-29 11:05:43', '::1', 14),
(685, '2021-06-29 11:05:43', '::1', 14),
(686, '2021-06-29 11:05:43', '::1', 14),
(687, '2021-06-29 11:05:43', '::1', 14),
(688, '2021-06-29 11:06:36', '::1', 14),
(689, '2021-06-29 11:06:36', '::1', 14),
(690, '2021-06-29 11:06:36', '::1', 14),
(691, '2021-06-29 11:06:37', '::1', 14),
(692, '2021-06-29 11:06:37', '::1', 14),
(693, '2021-06-29 11:06:38', '::1', 14),
(694, '2021-06-29 11:06:38', '::1', 14),
(695, '2021-06-29 11:06:38', '::1', 14),
(696, '2021-06-29 11:06:54', '::1', 14),
(697, '2021-06-29 11:07:03', '::1', 14),
(698, '2021-06-29 11:07:06', '::1', 14),
(699, '2021-06-29 11:07:07', '::1', 14),
(700, '2021-06-29 11:07:07', '::1', 14),
(701, '2021-06-29 11:07:22', '::1', 1),
(702, '2021-06-29 11:07:32', '::1', 1),
(703, '2021-06-29 11:07:34', '::1', 1),
(704, '2021-06-29 11:07:52', '::1', 1),
(705, '2021-06-29 11:08:08', '::1', 14),
(706, '2021-06-29 11:12:32', '::1', 14),
(707, '2021-06-29 11:13:04', '::1', 13),
(708, '2021-06-29 11:13:12', '::1', 13),
(709, '2021-06-29 11:13:14', '::1', 13),
(710, '2021-06-29 11:13:15', '::1', 13),
(711, '2021-06-29 11:14:08', '::1', 13),
(712, '2021-06-29 11:14:16', '::1', 13),
(713, '2021-06-29 11:14:29', '::1', 13),
(714, '2021-06-29 11:14:33', '::1', 13),
(715, '2021-06-29 11:14:34', '::1', 13),
(716, '2021-06-29 11:14:53', '::1', 13),
(717, '2021-06-29 11:15:03', '::1', 13),
(718, '2021-06-29 11:22:09', '::1', 13),
(719, '2021-06-29 11:22:12', '::1', 13),
(720, '2021-06-29 11:26:29', '::1', 13),
(721, '2021-06-29 11:26:52', '::1', 13),
(722, '2021-06-29 11:29:33', '::1', 13),
(723, '2021-06-29 11:30:00', '::1', 14),
(724, '2021-06-29 11:31:37', '::1', 14),
(725, '2021-06-29 11:32:51', '::1', 14),
(726, '2021-06-29 11:32:57', '::1', 14),
(727, '2021-06-29 11:33:04', '::1', 14),
(728, '2021-06-29 11:33:25', '::1', 14),
(729, '2021-06-29 11:33:43', '::1', 14),
(730, '2021-06-29 11:33:51', '::1', 14),
(731, '2021-06-29 11:36:24', '::1', 14),
(732, '2021-06-29 11:36:42', '::1', 14),
(733, '2021-06-29 11:37:10', '::1', 14),
(734, '2021-06-29 11:37:21', '::1', 14),
(735, '2021-06-29 11:37:33', '::1', 14),
(736, '2021-06-29 11:37:42', '::1', 14),
(737, '2021-06-29 11:38:08', '::1', 1),
(738, '2021-06-29 11:38:11', '::1', 14),
(739, '2021-06-29 11:38:34', '::1', 14),
(740, '2021-06-29 11:38:43', '::1', 14),
(741, '2021-06-29 11:38:51', '::1', 14),
(742, '2021-06-29 11:39:00', '::1', 14),
(743, '2021-06-29 11:39:05', '::1', 14),
(744, '2021-06-29 11:39:13', '::1', 14),
(745, '2021-06-29 11:39:38', '::1', 14),
(746, '2021-06-29 11:39:39', '::1', 14),
(747, '2021-06-29 11:39:39', '::1', 14),
(748, '2021-06-29 11:39:39', '::1', 14),
(749, '2021-06-29 11:39:39', '::1', 14),
(750, '2021-06-29 11:39:40', '::1', 14),
(751, '2021-06-29 11:39:40', '::1', 14),
(752, '2021-06-29 11:40:24', '::1', 14),
(753, '2021-06-29 11:40:34', '::1', 14),
(754, '2021-06-29 11:40:46', '::1', 14),
(755, '2021-06-29 11:41:01', '::1', 14),
(756, '2021-06-29 11:41:06', '::1', 14),
(757, '2021-06-29 11:41:17', '::1', 14),
(758, '2021-06-29 11:41:22', '::1', 14),
(759, '2021-06-29 11:41:51', '::1', 14),
(760, '2021-06-29 11:44:14', '::1', 14),
(761, '2021-06-29 11:44:40', '::1', 14),
(762, '2021-06-29 11:44:52', '::1', 14),
(763, '2021-06-29 11:45:04', '::1', 14),
(764, '2021-06-29 11:45:27', '::1', 14),
(765, '2021-06-29 11:45:35', '::1', 14),
(766, '2021-06-29 11:45:53', '::1', 14),
(767, '2021-06-29 11:46:02', '::1', 14),
(768, '2021-06-29 11:48:00', '::1', 14),
(769, '2021-06-29 11:48:11', '::1', 14),
(770, '2021-06-29 11:48:28', '::1', 14),
(771, '2021-06-29 11:49:47', '::1', 14),
(772, '2021-06-29 11:50:01', '::1', 14),
(773, '2021-06-29 11:50:22', '::1', 14),
(774, '2021-06-29 12:05:14', '::1', 14),
(775, '2021-06-29 12:05:35', '::1', 14),
(776, '2021-06-29 12:05:43', '::1', 14),
(777, '2021-06-29 12:05:49', '::1', 14),
(778, '2021-06-29 12:06:09', '::1', 14),
(779, '2021-06-29 12:06:18', '::1', 14),
(780, '2021-06-29 12:07:01', '::1', 14),
(781, '2021-06-29 12:07:22', '::1', 14),
(782, '2021-06-29 12:07:34', '::1', 14),
(783, '2021-06-29 12:08:28', '::1', 14),
(784, '2021-06-29 12:08:52', '::1', 14),
(785, '2021-06-29 12:10:03', '::1', 14),
(786, '2021-06-29 12:10:12', '::1', 1),
(787, '2021-06-29 12:10:15', '::1', 2),
(788, '2021-06-29 12:10:20', '::1', 2),
(789, '2021-06-29 12:10:21', '::1', 2),
(790, '2021-06-29 12:10:27', '::1', 14),
(791, '2021-06-29 12:10:37', '::1', 14),
(792, '2021-06-29 12:10:42', '::1', 1),
(793, '2021-06-29 12:10:48', '::1', 2),
(794, '2021-06-29 12:10:53', '::1', 1),
(795, '2021-06-29 12:14:15', '::1', 10),
(796, '2021-06-29 12:15:26', '::1', 14),
(797, '2021-06-29 12:15:37', '::1', 13),
(798, '2021-06-29 12:15:40', '::1', 14),
(799, '2021-06-29 12:15:51', '::1', 14),
(800, '2021-06-29 12:16:14', '::1', 14),
(1048, '2021-07-05 13:03:06', '::1', 9),
(1049, '2021-07-05 13:03:08', '::1', 9),
(1050, '2021-07-05 13:12:18', '::1', 14),
(1051, '2021-07-09 09:20:45', '::1', 19),
(1052, '2021-07-09 09:20:59', '::1', 19),
(1053, '2021-07-09 09:22:53', '::1', 19),
(1054, '2021-07-09 09:22:54', '::1', 19),
(1055, '2021-07-09 09:22:55', '::1', 19),
(1056, '2021-07-09 09:22:55', '::1', 19),
(1057, '2021-07-09 09:22:56', '::1', 19),
(1058, '2021-07-09 09:25:00', '::1', 19),
(1059, '2021-07-09 09:25:02', '::1', 19),
(1060, '2021-07-09 09:29:24', '::1', 19),
(1061, '2021-07-09 09:30:59', '::1', 20),
(1062, '2021-07-12 08:53:19', '::1', 1),
(1063, '2021-07-12 08:57:46', '::1', 1),
(1064, '2021-07-12 08:57:49', '::1', 1),
(1065, '2021-07-12 08:58:28', '::1', 1),
(1066, '2021-07-12 08:58:47', '::1', 1),
(1067, '2021-07-12 08:59:00', '::1', 1),
(1068, '2021-07-12 09:00:28', '::1', 1),
(1069, '2021-07-12 09:00:50', '::1', 1),
(1070, '2021-07-12 09:16:57', '::1', 1),
(1071, '2021-07-12 09:17:52', '::1', 1),
(1072, '2021-07-12 09:18:37', '::1', 1),
(1073, '2021-07-12 09:19:27', '::1', 1),
(1074, '2021-07-12 09:19:28', '::1', 1),
(1075, '2021-07-12 09:20:09', '::1', 1),
(1076, '2021-07-12 09:20:38', '::1', 1),
(1077, '2021-07-12 09:27:44', '::1', 1),
(1078, '2021-07-12 09:28:26', '::1', 1),
(1079, '2021-07-12 09:28:44', '::1', 1),
(1080, '2021-07-12 09:28:46', '::1', 1),
(1081, '2021-07-12 09:32:53', '::1', 1),
(1082, '2021-07-12 09:32:57', '::1', 1),
(1083, '2021-07-12 09:33:11', '::1', 1),
(1084, '2021-07-12 09:33:26', '::1', 1),
(1085, '2021-07-12 09:33:33', '::1', 1),
(1086, '2021-07-12 09:33:54', '::1', 1),
(1087, '2021-07-12 09:34:00', '::1', 1),
(1088, '2021-07-12 09:34:30', '::1', 1),
(1089, '2021-07-12 09:34:35', '::1', 1),
(1090, '2021-07-12 09:34:37', '::1', 1),
(1091, '2021-07-12 09:34:41', '::1', 1),
(1092, '2021-07-12 09:36:14', '::1', 1),
(1093, '2021-07-12 09:36:15', '::1', 1),
(1094, '2021-07-12 09:36:16', '::1', 1),
(1095, '2021-07-12 09:36:45', '::1', 1),
(1096, '2021-07-12 09:36:59', '::1', 1),
(1097, '2021-07-12 09:37:02', '::1', 1),
(1098, '2021-07-12 09:37:07', '::1', 1),
(1099, '2021-07-12 09:37:29', '::1', 1),
(1100, '2021-07-12 09:37:31', '::1', 1),
(1101, '2021-07-12 09:37:33', '::1', 1),
(1102, '2021-07-12 09:37:37', '::1', 1),
(1103, '2021-07-12 09:38:56', '::1', 1),
(1104, '2021-07-12 09:38:57', '::1', 1),
(1105, '2021-07-12 09:39:01', '::1', 1),
(1106, '2021-07-12 09:43:14', '::1', 1),
(1107, '2021-07-12 09:43:16', '::1', 1),
(1108, '2021-07-12 09:43:18', '::1', 1),
(1109, '2021-07-12 09:43:22', '::1', 1),
(1110, '2021-07-12 09:43:38', '::1', 1),
(1111, '2021-07-12 09:43:39', '::1', 1),
(1112, '2021-07-12 09:43:43', '::1', 1),
(1113, '2021-07-12 09:43:51', '::1', 1),
(1114, '2021-07-12 09:44:28', '::1', 1),
(1115, '2021-07-12 09:44:31', '::1', 1),
(1116, '2021-07-12 09:44:44', '::1', 1),
(1117, '2021-07-12 09:44:47', '::1', 1),
(1118, '2021-07-12 09:45:16', '::1', 1),
(1119, '2021-07-12 09:45:21', '::1', 1),
(1120, '2021-07-12 09:45:25', '::1', 1),
(1121, '2021-07-12 09:45:34', '::1', 1),
(1122, '2021-07-12 09:45:38', '::1', 1),
(1123, '2021-07-12 09:46:21', '::1', 1),
(1124, '2021-07-12 09:46:25', '::1', 1),
(1125, '2021-07-12 09:46:57', '::1', 1),
(1126, '2021-07-12 09:46:58', '::1', 1),
(1127, '2021-07-12 09:47:03', '::1', 1),
(1128, '2021-07-12 09:47:12', '::1', 1),
(1129, '2021-07-12 09:47:44', '::1', 1),
(1130, '2021-07-12 09:47:56', '::1', 1),
(1131, '2021-07-12 09:48:05', '::1', 1),
(1132, '2021-07-12 09:48:11', '::1', 1),
(1133, '2021-07-12 09:49:31', '::1', 1),
(1134, '2021-07-12 09:49:39', '::1', 1),
(1135, '2021-07-12 09:50:06', '::1', 1),
(1136, '2021-07-12 09:50:12', '::1', 1),
(1137, '2021-07-12 09:50:19', '::1', 1),
(1138, '2021-07-12 09:50:25', '::1', 1),
(1139, '2021-07-12 09:52:24', '::1', 1),
(1140, '2021-07-12 09:52:26', '::1', 1),
(1141, '2021-07-12 09:53:30', '::1', 1),
(1142, '2021-07-12 09:53:33', '::1', 1),
(1143, '2021-07-12 09:53:56', '::1', 1),
(1144, '2021-07-12 09:54:46', '::1', 1),
(1145, '2021-07-12 09:55:21', '::1', 1),
(1146, '2021-07-12 09:55:37', '::1', 1),
(1147, '2021-07-12 09:55:40', '::1', 1),
(1148, '2021-07-12 09:55:43', '::1', 1),
(1149, '2021-07-12 09:55:57', '::1', 1),
(1150, '2021-07-12 09:56:46', '::1', 1),
(1151, '2021-07-12 09:56:48', '::1', 1),
(1152, '2021-07-12 09:57:00', '::1', 1),
(1153, '2021-07-12 09:57:15', '::1', 1),
(1154, '2021-07-12 09:57:23', '::1', 1),
(1155, '2021-07-12 09:57:32', '::1', 1),
(1156, '2021-07-12 09:58:23', '::1', 1),
(1157, '2021-07-12 09:58:25', '::1', 1),
(1158, '2021-07-12 09:58:29', '::1', 1),
(1159, '2021-07-12 09:58:32', '::1', 1),
(1160, '2021-07-12 09:59:19', '::1', 1),
(1161, '2021-07-12 09:59:21', '::1', 1),
(1162, '2021-07-12 09:59:26', '::1', 1),
(1163, '2021-07-12 09:59:32', '::1', 1),
(1164, '2021-07-12 09:59:34', '::1', 1),
(1165, '2021-07-12 09:59:38', '::1', 1),
(1166, '2021-07-12 10:01:30', '::1', 1),
(1167, '2021-07-12 10:01:30', '::1', 1),
(1168, '2021-07-12 10:01:32', '::1', 1),
(1169, '2021-07-12 10:03:37', '::1', 1),
(1170, '2021-07-12 10:03:42', '::1', 1),
(1171, '2021-07-12 10:03:43', '::1', 1),
(1172, '2021-07-12 10:03:44', '::1', 1),
(1173, '2021-07-12 10:04:08', '::1', 1),
(1174, '2021-07-12 10:04:10', '::1', 1),
(1175, '2021-07-12 10:04:15', '::1', 1),
(1176, '2021-07-12 10:04:21', '::1', 1),
(1177, '2021-07-12 10:04:57', '::1', 1),
(1178, '2021-07-12 10:04:59', '::1', 1),
(1179, '2021-07-12 10:05:03', '::1', 1),
(1180, '2021-07-12 10:05:06', '::1', 1),
(1181, '2021-07-12 10:05:36', '::1', 1),
(1182, '2021-07-12 10:05:46', '::1', 1),
(1183, '2021-07-12 10:05:48', '::1', 1),
(1184, '2021-07-12 10:05:50', '::1', 1),
(1185, '2021-07-12 10:08:58', '::1', 1),
(1186, '2021-07-12 10:09:08', '::1', 1),
(1187, '2021-07-12 10:09:49', '::1', 1),
(1188, '2021-07-12 10:09:51', '::1', 1),
(1189, '2021-07-12 10:09:55', '::1', 1),
(1190, '2021-07-12 10:10:50', '::1', 1),
(1191, '2021-07-12 10:11:07', '::1', 1),
(1192, '2021-07-12 10:11:10', '::1', 1),
(1193, '2021-07-12 10:11:18', '::1', 1),
(1194, '2021-07-12 10:11:26', '::1', 1),
(1195, '2021-07-12 10:11:37', '::1', 1),
(1196, '2021-07-12 10:11:39', '::1', 1),
(1197, '2021-07-12 10:11:48', '::1', 1),
(1198, '2021-07-12 10:11:49', '::1', 1),
(1199, '2021-07-13 06:16:10', '::1', 1),
(1200, '2021-07-13 06:17:36', '::1', 1),
(1201, '2021-07-13 06:18:03', '::1', 1),
(1202, '2021-07-13 06:18:08', '::1', 1),
(1203, '2021-07-13 06:18:09', '::1', 1),
(1204, '2021-07-13 06:18:23', '::1', 1),
(1205, '2021-07-13 06:18:37', '::1', 1),
(1206, '2021-07-13 06:19:00', '::1', 1),
(1207, '2021-07-13 06:21:20', '::1', 1),
(1208, '2021-07-13 06:21:33', '::1', 1),
(1209, '2021-07-13 06:21:57', '::1', 1),
(1210, '2021-07-13 06:22:12', '::1', 1),
(1211, '2021-07-13 06:22:55', '::1', 1),
(1212, '2021-07-13 06:26:15', '::1', 1),
(1213, '2021-07-13 06:28:23', '::1', 1),
(1214, '2021-07-13 06:28:25', '::1', 1),
(1215, '2021-07-13 06:28:26', '::1', 1),
(1216, '2021-07-13 06:28:27', '::1', 1),
(1217, '2021-07-13 06:28:27', '::1', 1),
(1218, '2021-07-13 06:28:28', '::1', 1),
(1219, '2021-07-13 06:28:28', '::1', 1),
(1220, '2021-07-13 06:28:28', '::1', 1),
(1221, '2021-07-13 06:29:56', '::1', 1),
(1222, '2021-07-13 06:29:57', '::1', 1),
(1223, '2021-07-13 06:29:57', '::1', 1),
(1224, '2021-07-13 06:29:57', '::1', 1),
(1225, '2021-07-13 06:33:49', '::1', 1),
(1226, '2021-07-13 06:33:50', '::1', 1),
(1227, '2021-07-13 06:33:51', '::1', 1),
(1228, '2021-07-13 06:33:51', '::1', 1),
(1229, '2021-07-13 06:33:51', '::1', 1),
(1230, '2021-07-13 06:33:52', '::1', 1),
(1231, '2021-07-13 06:33:53', '::1', 1),
(1232, '2021-07-13 06:33:53', '::1', 1),
(1233, '2021-07-13 06:33:53', '::1', 1),
(1234, '2021-07-13 06:33:54', '::1', 1),
(1235, '2021-07-13 06:33:54', '::1', 1),
(1236, '2021-07-13 06:33:54', '::1', 1),
(1237, '2021-07-13 06:33:55', '::1', 1),
(1238, '2021-07-13 06:33:55', '::1', 1),
(1239, '2021-07-13 06:33:55', '::1', 1),
(1240, '2021-07-13 06:34:56', '::1', 1),
(1241, '2021-07-13 06:35:27', '::1', 1),
(1242, '2021-07-13 06:35:30', '::1', 1),
(1243, '2021-07-13 06:35:40', '::1', 1),
(1244, '2021-07-13 06:35:44', '::1', 2),
(1245, '2021-07-13 06:35:55', '::1', 2),
(1246, '2021-07-13 06:38:09', '::1', 2),
(1247, '2021-07-13 06:38:24', '::1', 2),
(1248, '2021-07-13 06:39:28', '::1', 2),
(1249, '2021-07-14 09:12:56', '::1', 90),
(1250, '2021-07-14 09:13:13', '::1', 14),
(1251, '2021-07-14 09:13:19', '::1', 14),
(1252, '2021-07-14 09:13:37', '::1', 6),
(1253, '2021-07-14 09:13:44', '::1', 85),
(1254, '2021-07-14 09:13:56', '::1', 90),
(1255, '2021-07-14 09:14:10', '::1', 90),
(1256, '2021-07-14 09:14:51', '::1', 90),
(1257, '2021-07-14 09:15:07', '::1', 1),
(1258, '2021-07-14 09:15:13', '::1', 1),
(1259, '2021-07-14 09:15:53', '::1', 1),
(1260, '2021-07-14 09:17:19', '::1', 1),
(1261, '2021-07-14 09:17:33', '::1', 1),
(1262, '2021-07-14 09:17:55', '::1', 1),
(1263, '2021-07-14 09:18:07', '::1', 1),
(1264, '2021-07-14 09:19:04', '::1', 1),
(1265, '2021-07-14 09:19:21', '::1', 1),
(1266, '2021-07-14 09:19:50', '::1', 1),
(1267, '2021-07-14 09:20:02', '::1', 1),
(1268, '2021-07-14 09:20:18', '::1', 1),
(1269, '2021-07-14 09:20:20', '::1', 1),
(1270, '2021-07-14 09:20:27', '::1', 1),
(1271, '2021-07-14 15:39:58', '::1', 90),
(1272, '2021-07-14 15:40:13', '::1', 85),
(1273, '2021-07-14 15:40:53', '::1', 90),
(1274, '2021-07-14 15:44:46', '::1', 90),
(1275, '2021-07-14 15:56:49', '::1', 5),
(1276, '2021-07-14 15:57:46', '::1', 5),
(1277, '2021-07-14 15:59:30', '::1', 5),
(1278, '2021-07-14 16:01:30', '::1', 5),
(1279, '2021-07-14 16:01:38', '::1', 90),
(1280, '2021-07-14 16:01:41', '::1', 5),
(1281, '2021-07-14 16:01:42', '::1', 98),
(1282, '2021-07-14 16:01:44', '::1', 5),
(1283, '2021-07-14 16:02:00', '::1', 5),
(1284, '2021-07-14 16:02:17', '::1', 5),
(1285, '2021-07-14 16:03:35', '::1', 5),
(1286, '2021-07-14 16:03:49', '::1', 98),
(1287, '2021-07-14 16:05:10', '::1', 98),
(1288, '2021-07-14 16:05:49', '::1', 98),
(1289, '2021-07-14 16:06:31', '::1', 98),
(1290, '2021-07-14 16:06:55', '::1', 98),
(1291, '2021-07-14 16:07:33', '::1', 98),
(1292, '2021-07-14 16:07:36', '::1', 98),
(1293, '2021-07-14 16:07:47', '::1', 90),
(1294, '2021-07-14 16:08:19', '::1', 90),
(1295, '2021-07-14 16:09:14', '::1', 90),
(1296, '2021-07-14 16:09:33', '::1', 90),
(1297, '2021-07-14 16:10:32', '::1', 90),
(1298, '2021-07-14 16:11:03', '::1', 90),
(1299, '2021-07-14 16:11:34', '::1', 90),
(1300, '2021-07-14 16:11:42', '::1', 90),
(1301, '2021-07-14 16:11:54', '::1', 90),
(1302, '2021-07-14 16:12:27', '::1', 90),
(1303, '2021-07-14 16:12:36', '::1', 90),
(1304, '2021-07-14 16:12:51', '::1', 90),
(1305, '2021-07-14 16:13:08', '::1', 14),
(1306, '2021-07-14 16:13:58', '::1', 14),
(1307, '2021-07-14 16:14:08', '::1', 84),
(1308, '2021-07-14 16:15:46', '::1', 98),
(1309, '2021-07-14 16:16:11', '::1', 98),
(1310, '2021-07-14 16:16:18', '::1', 85),
(1311, '2021-07-14 16:17:09', '::1', 90),
(1312, '2021-07-15 06:05:49', '::1', 98),
(1313, '2021-07-15 06:06:01', '::1', 90),
(1314, '2021-07-15 06:08:45', '::1', 90),
(1315, '2021-07-15 06:08:50', '::1', 90),
(1316, '2021-07-15 06:08:57', '::1', 90),
(1317, '2021-07-15 06:09:10', '::1', 90),
(1318, '2021-07-15 06:09:56', '::1', 90),
(1319, '2021-07-15 06:12:32', '::1', 90),
(1320, '2021-07-15 06:13:14', '::1', 90),
(1321, '2021-07-15 06:14:16', '::1', 84),
(1322, '2021-07-15 06:14:34', '::1', 101),
(1323, '2021-07-15 12:24:29', '::1', 90),
(1324, '2021-07-15 12:54:24', '::1', 85),
(1325, '2021-07-15 12:58:08', '::1', 11),
(1326, '2021-07-15 13:00:38', '::1', 11),
(1327, '2021-07-15 13:01:05', '::1', 5),
(1328, '2021-07-15 13:10:32', '::1', 5),
(1329, '2021-07-15 13:10:37', '::1', 85),
(1330, '2021-07-15 13:10:45', '::1', 98),
(1331, '2021-07-15 13:10:51', '::1', 84),
(1332, '2021-07-15 13:10:56', '::1', 90),
(1333, '2021-07-15 13:11:18', '::1', 101),
(1334, '2021-07-15 13:11:23', '::1', 85),
(1335, '2021-07-15 13:11:28', '::1', 98),
(1336, '2021-07-15 13:12:27', '::1', 13),
(1337, '2021-07-16 05:54:04', '::1', 11),
(1338, '2021-07-17 12:36:37', '::1', 109),
(1339, '2021-07-17 12:36:38', '::1', 109);

--
-- Indexes for dumped tables
--

--
-- Indexes for table `bad_words`
--
ALTER TABLE `bad_words`
  ADD PRIMARY KEY (`id`),
  ADD KEY `word` (`word`),
  ADD KEY `created_at` (`created_at`),
  ADD KEY `updated_at` (`updated_at`);

--
-- Indexes for table `categories`
--
ALTER TABLE `categories`
  ADD PRIMARY KEY (`id`),
  ADD UNIQUE KEY `category_name` (`category_name`),
  ADD KEY `created_at` (`created_at`),
  ADD KEY `updated_at` (`updated_at`);

--
-- Indexes for table `comments`
--
ALTER TABLE `comments`
  ADD PRIMARY KEY (`id`);

--
-- Indexes for table `files`
--
ALTER TABLE `files`
  ADD PRIMARY KEY (`id`);

--
-- Indexes for table `permissions`
--
ALTER TABLE `permissions`
  ADD PRIMARY KEY (`id`),
  ADD UNIQUE KEY `name` (`name`);

--
-- Indexes for table `posts`
--
ALTER TABLE `posts`
  ADD PRIMARY KEY (`id`);

--
-- Indexes for table `post_likes`
--
ALTER TABLE `post_likes`
  ADD KEY `post_id` (`post_id`),
  ADD KEY `user_id` (`user_id`);

--
-- Indexes for table `roles`
--
ALTER TABLE `roles`
  ADD PRIMARY KEY (`id`),
  ADD UNIQUE KEY `role_name` (`role_name`);

--
-- Indexes for table `tags`
--
ALTER TABLE `tags`
  ADD PRIMARY KEY (`id`),
  ADD UNIQUE KEY `keyword` (`keyword`),
  ADD KEY `created_at` (`created_at`),
  ADD KEY `updated_at` (`updated_at`);

--
-- Indexes for table `users`
--
ALTER TABLE `users`
  ADD PRIMARY KEY (`id`),
  ADD UNIQUE KEY `email` (`email`);

--
-- Indexes for table `verify_comments`
--
ALTER TABLE `verify_comments`
  ADD PRIMARY KEY (`id`);

--
-- Indexes for table `visits`
--
ALTER TABLE `visits`
  ADD PRIMARY KEY (`id`);

--
-- AUTO_INCREMENT for dumped tables
--

--
-- AUTO_INCREMENT for table `bad_words`
--
ALTER TABLE `bad_words`
  MODIFY `id` int(255) NOT NULL AUTO_INCREMENT, AUTO_INCREMENT=26;

--
-- AUTO_INCREMENT for table `categories`
--
ALTER TABLE `categories`
  MODIFY `id` int(255) NOT NULL AUTO_INCREMENT, AUTO_INCREMENT=9;

--
-- AUTO_INCREMENT for table `comments`
--
ALTER TABLE `comments`
  MODIFY `id` int(255) NOT NULL AUTO_INCREMENT, AUTO_INCREMENT=130;

--
-- AUTO_INCREMENT for table `files`
--
ALTER TABLE `files`
  MODIFY `id` int(255) NOT NULL AUTO_INCREMENT, AUTO_INCREMENT=240;

--
-- AUTO_INCREMENT for table `permissions`
--
ALTER TABLE `permissions`
  MODIFY `id` int(255) NOT NULL AUTO_INCREMENT, AUTO_INCREMENT=33;

--
-- AUTO_INCREMENT for table `posts`
--
ALTER TABLE `posts`
  MODIFY `id` int(255) NOT NULL AUTO_INCREMENT, AUTO_INCREMENT=110;

--
-- AUTO_INCREMENT for table `roles`
--
ALTER TABLE `roles`
  MODIFY `id` int(255) NOT NULL AUTO_INCREMENT, AUTO_INCREMENT=10;

--
-- AUTO_INCREMENT for table `tags`
--
ALTER TABLE `tags`
  MODIFY `id` int(255) NOT NULL AUTO_INCREMENT, AUTO_INCREMENT=10;

--
-- AUTO_INCREMENT for table `users`
--
ALTER TABLE `users`
  MODIFY `id` int(255) NOT NULL AUTO_INCREMENT, AUTO_INCREMENT=11;

--
-- AUTO_INCREMENT for table `verify_comments`
--
ALTER TABLE `verify_comments`
  MODIFY `id` int(255) NOT NULL AUTO_INCREMENT, AUTO_INCREMENT=100;

--
-- AUTO_INCREMENT for table `visits`
--
ALTER TABLE `visits`
  MODIFY `id` int(255) NOT NULL AUTO_INCREMENT, AUTO_INCREMENT=1340;
COMMIT;

/*!40101 SET CHARACTER_SET_CLIENT=@OLD_CHARACTER_SET_CLIENT */;
/*!40101 SET CHARACTER_SET_RESULTS=@OLD_CHARACTER_SET_RESULTS */;
/*!40101 SET COLLATION_CONNECTION=@OLD_COLLATION_CONNECTION */;
